Market,Mode,Trades,TP,SL,Filters,WinRate_All,WinRate_TP_SL,P&L
Gold (XAUUSD),Immediate,183,60,0,123,32.78688524590164,100.0,367.6919999999982
Gold (XAUUSD),Delay,142,70,72,0,49.29577464788733,49.29577464788733,187.65800000000445
GBPJPY,Immediate,160,53,0,107,33.125,100.0,7.441600000000022
GBPJPY,Delay,122,61,61,0,50.0,50.0,1.8988000000001648
EURJPY,Immediate,159,49,0,110,30.81761006289308,100.0,6.422400000000323
EURJPY,Delay,128,61,67,0,47.65625,47.65625,0.46240000000025816
USDJPY,Immediate,104,34,0,70,32.69230769230769,100.0,3.7323999999998705
USDJPY,Delay,87,42,45,0,48.275862068965516,48.275862068965516,0.11139999999994643
