Config,Total_Trades,Winners,Losers,Win_Rate,Total_PnL,Avg_PnL,TP_Hits,SL_Hits,Filter_Exits,Profit_Factor
Current (Baseline),42,9,33,21.428571428571427,105.22599999999875,2.5053809523809227,9,0,33,1.457270018189531
Option 1: Tighten Pre-Entry,27,5,22,18.51851851851852,57.061999999997624,2.1134074074073195,5,0,22,1.1903639049280959
Option 2: Relax Post-Entry,42,10,32,23.809523809523807,107.48999999999796,2.5592857142856658,10,0,32,1.5453683235750555
Option 3: Hybrid (Recommended),42,9,33,21.428571428571427,89.545999999998,2.1320476190475715,9,0,33,1.4128369283298503
